CASE_ID,ACCIDENT_YEAR,PROC_DATE,JURIS,COLLISION_DATE,COLLISION_TIME,OFFICER_ID,REPORTING_DISTRICT,DAY_OF_WEEK,CHP_SHIFT,POPULATION,CNTY_CITY_LOC,SPECIAL_COND,BEAT_TYPE,CHP_BEAT_TYPE,CITY_DIVISION_LAPD,CHP_BEAT_CLASS,BEAT_NUMBER,PRIMARY_RD,SECONDARY_RD,DISTANCE,DIRECTION,INTERSECTION,WEATHER_1,WEATHER_2,STATE_HWY_IND,CALTRANS_COUNTY,CALTRANS_DISTRICT,STATE_ROUTE,ROUTE_SUFFIX,POSTMILE_PREFIX,POSTMILE,LOCATION_TYPE,RAMP_INTERSECTION,SIDE_OF_HWY,TOW_AWAY,COLLISION_SEVERITY,NUMBER_KILLED,NUMBER_INJURED,PARTY_COUNT,PRIMARY_COLL_FACTOR,PCF_CODE_OF_VIOL,PCF_VIOL_CATEGORY,PCF_VIOLATION,PCF_VIOL_SUBSECTION,HIT_AND_RUN,TYPE_OF_COLLISION,MVIW,PED_ACTION,ROAD_SURFACE,ROAD_COND_1,ROAD_COND_2,LIGHTING,CONTROL_DEVICE,CHP_ROAD_TYPE,PEDESTRIAN_ACCIDENT,BICYCLE_ACCIDENT,MOTORCYCLE_ACCIDENT,TRUCK_ACCIDENT,NOT_PRIVATE_PROPERTY,ALCOHOL_INVOLVED,STWD_VEHTYPE_AT_FAULT,CHP_VEHTYPE_AT_FAULT,COUNT_SEVERE_INJ,COUNT_VISIBLE_INJ,COUNT_COMPLAINT_PAIN,COUNT_PED_KILLED,COUNT_PED_INJURED,COUNT_BICYCLIST_KILLED,COUNT_BICYCLIST_INJURED,COUNT_MC_KILLED,COUNT_MC_INJURED,PRIMARY_RAMP,SECONDARY_RAMP,LATITUDE,LONGITUDE,COUNTY,CITY,POINT_X,POINT_Y
92119957,2023,2023-07-18,9175,2023-06-30,1735,020722,,5,2,9,5300,0,1,3,,1,021,SR-3,SR-36,10982.00,N,N,A,-,Y,TRI,,3," ",L,2.071,H,,R,Y,1,2,0,1,A,-,08,22107,,N,E,I,A,A,H,-,A,D,0,,,,,Y,Y,A,01,0,0,0,0,0,0,0,0,0,"- ","- ",40.435798645019531,-123.15953826904297,TRINITY,UNINCORPORATED,-123.15937805175781,40.435794830322266
92127872,2023,2023-10-20,9175,2023-07-16,1830,019877,,7,2,9,5300,0,1,3,,2,013,SR-299,"299 TRI MPM 26.00",226.00,E,N,A,-,Y,TRI,,299," "," ",26.026,H,,R,Y,1,1,0,1,A,-,01,23152,G,N,E,I,A,A,H,-,A,D,0,,,Y,,Y,,-,"- ",0,0,0,0,0,0,0,1,0,"- ","- ",40.76068115234375,-123.28169250488281,TRINITY,UNINCORPORATED,-123.28170013427734,40.760677337646484
92149207,2023,2023-08-21,9175,2023-08-13,1950,021161,,7,2,9,5300,0,3,5,,2,002,"LOWER MAD RIVER ROAD","ANADA CREEK RD",648.00,W,N,A,-,N,,,,,,,,,,N,2,0,1,1,A,-,03,22350,,N,F,A,A,A,H,-,B,D,0,,,Y,,Y,,-,"- ",1,0,0,0,0,0,0,0,1,"- ","- ",40.2900390625,-123.33616638183594,TRINITY,UNINCORPORATED,-123.33654022216797,40.290641784667969
92149786,2023,2023-08-22,9175,2023-08-13,1040,019479,,7,1,9,5300,0,1,3,,1,010,SR-299,"BUCKHORN STA LOOP",250.00,W,N,A,-,Y,TRI,,299," "," ",67.956,H,,R,Y,2,0,1,1,A,-,08,22107,,N,E,I,A,A,H,-,A,D,0,,,,,Y,,-,"- ",1,0,0,0,0,0,0,0,0,"- ","- ",40.665058135986328,-122.78721618652344,TRINITY,UNINCORPORATED,-122.78721618652344,40.665153503417969
92162268,2023,2023-09-05,9175,2023-08-25,1810,020722,,5,2,9,5300,0,1,3,,1,011,SR-3,"RAMSHORN RD",7920.00,N,N,A,-,Y,TRI,,3," "," ",74.636,H,,R,Y,3,0,1,1,A,-,08,22107,,N,E,I,A,A,H,-,A,D,0,,,Y,,Y,,-,"- ",0,1,0,0,0,0,0,0,1,"- ","- ",41.168369293212891,-122.66502380371094,TRINITY,UNINCORPORATED,-122.66493225097656,41.168369293212891
92172865,2023,2023-09-18,9175,2023-09-08,1405,020464,,5,2,9,5300,0,1,3,,1,022,SR-36,"SOUTH FORK MOUNTAIN SUMMIT",6864.00,E,N,A,-,Y,TRI,,36," "," ",11.434,H,,R,Y,3,0,2,1,A,-,08,22107,,N,E,I,A,A,H,-,A,D,0,,,,,Y,,A,07,0,1,1,0,0,0,0,0,0,"- ","- ",40.393390655517578,-123.41393280029297,TRINITY,UNINCORPORATED,-123.41392517089844,40.393333435058594
92172884,2023,2023-09-18,9175,2023-09-05,1600,020722,,2,2,9,5300,0,1,3,,2,013,SR-299,"PRAIRIE CREEK RD",6125.00,E,N,A,-,Y,TRI,,299," "," ",26.897,H,,R,N,4,0,1,1,C,-,18,,,N,F,I,A,A,H,-,A,D,0,,,,,Y,,-,"- ",0,0,1,0,0,0,0,0,0,"- ","- ",40.750308990478516,-123.27726745605469,TRINITY,UNINCORPORATED,-123.27729034423828,40.750278472900391
92173537,2023,2023-10-12,9175,2023-09-08,1535,021161,,5,2,9,5300,0,3,5,,2,002,"MOUNTAIN VIEW STREET","SR-299 E/B",500.00,S,N,A,-,N,,,,,,,,,,N,3,0,3,4,A,-,09,21804,A,N,D,B,E,A,H,-,A,D,0,Y,,,,Y,,-,"- ",0,1,2,0,3,0,0,0,0,"- ","- ",40.724098205566406,-122.93319702148438,TRINITY,UNINCORPORATED,-122.93315124511719,40.724151611328125
92189252,2023,2023-10-03,9175,2023-09-22,1425,019485,,5,2,9,5300,0,3,5,,2,001,"LEWISTON RD",SR-299,1056.00,S,N,A,-,N,,,,,,,,,,N,2,0,1,1,A,-,08,22107,,N,E,J,A,A,H,-,A,D,0,,,,,Y,,A,01,1,0,0,0,0,0,0,0,0,"- ","- ",40.675849914550781,-122.86329650878906,TRINITY,UNINCORPORATED,-122.86254119873047,40.672691345214844
92201410,2023,2023-10-17,9175,2023-09-14,1249,018268,,4,1,9,5300,0,1,3,,1,011,SR-299,"RANSOM ROAD",88.00,E,N,A,-,Y,TRI,,299," "," ",52.940,H,,R,N,1,1,0,2,A,-,01,23152,,F,G,B,E,A,H,-,A,A,0,Y,,,,Y,Y,A,01,0,0,0,1,0,0,0,0,0,"- ","- ",40.717350006103516,-122.92672729492188,TRINITY,UNINCORPORATED,-122.92680358886719,40.717327117919922
92207573,2023,2023-10-24,9175,2023-10-13,1250,015928,,5,1,9,5300,0,1,3,,1,012,"STATE ROUTE 299","WHEEL GULCH ROAD",4752.00,W,N,B,-,Y,TRI,,299," "," ",30.536,H,,R,Y,3,0,1,1,A,-,08,22107,,N,E,8,A,A,H,-,A,D,0,,,,,Y,,B,07,0,1,0,0,0,0,0,0,0,"- ","- ",40.741031646728516,-123.21884155273438,TRINITY,UNINCORPORATED,-123.21884155273438,40.741046905517578
92223446,2023,2023-10-31,9175,2023-10-22,1350,016084,,7,1,9,5300,0,1,3,,2,014,"RT 299","SUZIE Q ROAD",7392.00,W,N,C,-,Y,,,,,,,,,,Y,3,0,1,1,A,-,03,22350,,N,E,I,A,B,H,-,A,D,0,,,,,Y,,D,22,0,1,0,0,0,0,0,0,0,"- ","- ",,,TRINITY,UNINCORPORATED,,
92234608,2023,2023-11-13,9175,2023-11-06,1209,021161,,1,1,9,5300,0,1,3,,2,014,SR-299,"SETH ROAD",900.00,W,N,B,C,Y,TRI,,299," "," ",11.165,H,,R,Y,3,0,1,1,A,-,03,22350,,N,E,I,A,B,H,-,A,D,0,,,,,Y,,A,01,0,1,0,0,0,0,0,0,0,"- ","- ",40.814098358154297,-123.47837066650391,TRINITY,UNINCORPORATED,-123.47829437255859,40.814067840576172
92241040,2023,2023-11-20,9175,2023-11-11,"925 ",020464,,6,1,9,5300,0,1,3,,1,020,SR-3,"B BAR K ROAD",2640.00,N,N,B,-,Y,TRI,,3," "," ",26.774,H,,R,Y,2,0,3,1,A,-,08,22107,,N,F,I,A,A,H,-,A,D,0,,,,,Y,,A,07,2,1,0,0,0,0,0,0,0,"- ","- ",40.622051239013672,-122.94803619384766,TRINITY,UNINCORPORATED,-122.94804382324219,40.622035980224609
92248271,2023,2023-11-29,9175,2023-11-18,1313,021035,,6,1,9,5300,0,1,3,,2,013,SR-299,"BIG FRENCH CREEK RD",3696.00,W,N,B,C,Y,TRI,,299," "," ",22.589,H,,R,Y,3,0,2,1,A,-,08,22107,,N,E,J,A,B,H,-,A,D,0,,,,,Y,,A,07,0,1,1,0,0,0,0,0,0,"- ","- ",40.777019500732422,-123.32200622558594,TRINITY,UNINCORPORATED,-123.32197570800781,40.776969909667969
92251878,2023,2023-12-04,9175,2023-10-26,1535,018268,,4,2,9,5300,0,3,5,,2,001,"COFFEE CREEK ROAD","STATE ROUTE 3",5808.00,W,N,B,-,N,,,,,,,,,,Y,1,1,0,1,A,-,01,23152,F,N,E,I,A,A,H,-,A,D,0,,,,,Y,,D,22,0,0,0,0,0,0,0,0,0,"- ","- ",41.083381652832031,-122.72685241699219,TRINITY,UNINCORPORATED,-122.72622680664062,41.083225250244141
92256130,2023,2023-12-07,9175,2023-12-05,1845,016084,,2,2,9,5300,0,1,3,,1,012,"RT 299","WHEEL GULCH",7920.00,E,N,A,-,Y,TRI,,299," "," ",32.958,H,,R,Y,3,0,2,1,A,-,08,22107,,N,E,I,A,A,H,-,D,D,0,,,,,Y,,A,01,0,1,1,0,0,0,0,0,0,"- ","- ",40.744129180908203,-123.18057250976562,TRINITY,UNINCORPORATED,-123.18052673339844,40.744071960449219
92261099,2023,2023-12-13,9175,2023-12-07,"804 ",021426,,4,1,9,5300,0,1,3,,2,014,SR-299,"ODEN FLAT ROAD",1425.00,W,N,C,-,Y,,,,,,,,,,Y,3,0,2,1,A,-,08,22107,,N,E,I,A,B,H,-,A,D,0,,,,,Y,,A,01,0,1,1,0,0,0,0,0,0,"- ","- ",40.891471862792969,-122.56416320800781,TRINITY,UNINCORPORATED,-123.56417846679688,40.891635894775391
92272105,2023,2023-12-27,9175,2023-12-21,1335,019877,,4,1,9,5300,0,1,3,,1,021,SR-3,"WILDWOOD RD.",6336.00,S,N,A,-,Y,TRI,,3," "," ",10.458,H,,R,Y,4,0,1,1,A,-,08,22107,,N,E,8,A,A,H,-,A,D,0,,,,,Y,,D,22,0,0,1,0,0,0,0,0,0,"- ","- ",40.558841705322266,-123.12252807617188,TRINITY,UNINCORPORATED,-123.12253570556641,40.558868408203125
92279726,2023,2024-01-22,9175,2023-12-30,1845,021253,,6,2,9,5300,0,1,3,,1,022,SR-36,"EAST SOUTH FORK MOUNTAIN ROAD",5808.00,E,N,B,-,Y,TRI,,36," ",R,7.596,H,,R,Y,4,0,1,1,A,-,08,22107,,N,E,J,A,B,H,-,D,D,0,,,,,Y,,A,07,0,0,1,0,0,0,0,0,0,"- ","- ",40.415279388427734,-123.45069885253906,TRINITY,UNINCORPORATED,-123.45070648193359,40.415275573730469
92303862,2024,2024-02-02,9175,2024-01-24,1530,023686,,3,2,9,5300,0,3,5,,2,002,"HYAMPOM ROAD","FOREST ROUTE 3N07",5280.00,E,N,A,-,N,,,,,,,,,,Y,4,0,1,1,A,-,08,22107,,N,E,I,A,A,H,-,A,D,0,,,,Y,Y,,F,26,0,0,1,0,0,0,0,0,0,"- ","- ",40.598838806152344,-123.27459716796875,TRINITY,UNINCORPORATED,,
92306977,2024,2024-02-06,9175,2024-01-29,"817 ",020722,,1,1,9,5300,0,1,3,,1,021,SR-3,"CLINIC AVE",0.00,,Y,B,-,Y,TRI,,3," "," ",6.787,H,,R,Y,4,0,1,1,A,-,08,22107,,N,E,I,A,A,H,-,A,D,0,,,,,Y,,-,"- ",0,0,1,0,0,0,0,0,0,"- ","- ",40.553428649902344,-123.18974304199219,TRINITY,UNINCORPORATED,-123.189697265625,40.553363800048828
92318579,2024,2024-02-20,9175,2024-02-14,1830,016084,,3,2,9,5300,0,1,3,,2,015,"RT 3","RAINIER ROAD",1584.00,N,N,C,-,Y,TRI,,3," "," ",48.026,H,,R,Y,3,0,1,1,A,-,08,22107,,N,F,I,A,B,H,-,D,D,0,,,,,Y,,A,07,0,1,0,0,0,0,0,0,0,"- ","- ",40.865741729736328,-122.81791687011719,TRINITY,UNINCORPORATED,-122.81788635253906,40.865703582763672
92320845,2024,2024-02-22,9175,2024-02-15,1057,023686,,4,1,9,5300,0,1,3,,2,013,SR-299,"HAYDEN FLAT RIVER ACCESS",2640.00,W,N,C,-,Y,TRI,,299," "," ",20.331,H,,R,Y,2,0,1,1,A,-,03,22350,,N,F,A,A,B,H,-,A,A,0,,,,,Y,,D,22,1,0,0,0,0,0,0,0,0,"- ","- ",40.785808563232422,-123.34876251220703,TRINITY,UNINCORPORATED,-123.34873199462891,40.785797119140625
92324348,2024,2024-02-27,9175,2024-02-22,1650,018268,,4,2,9,5300,0,1,3,,2,015,SR-3,"EAST WEAVER CREEK RD",6864.00,N,N,A,-,Y,TRI,,3," "," ",34.071,H,,R,Y,3,0,1,1,A,-,08,22107,,N,E,I,A,A,H,-,A,D,0,,,,,Y,,A,07,0,1,0,0,0,0,0,0,0,"- ","- ",40.751430511474609,-122.89904022216797,TRINITY,UNINCORPORATED,-122.89900970458984,40.751522064208984
92332783,2024,2024-03-07,9175,2024-03-02,"225 ",021426,,6,3,9,5300,0,1,3,,1,010,SR-299,"POKER BAR RD",2640.00,E,N,D,-,Y,TRI,,299," "," ",63.155,H,,R,Y,3,0,1,1,A,-,03,22350,,N,E,8,A,C,H,-,D,D,0,,,,,Y,,D,22,0,1,0,0,0,0,0,0,0,"- ","- ",40.669700622558594,-122.86808013916016,TRINITY,UNINCORPORATED,-122.86810302734375,40.669776916503906
92353864,2024,2024-04-03,9175,2024-03-20,"640 ",020464,,3,1,9,5300,0,1,3,,2,014,SR-299,"BURNT RANCH SCHOOL RD",1320.00,W,N,B,-,Y,TRI,,299," "," ",11.225,H,,R,Y,3,0,1,1,A,-,03,22350,,N,F,I,A,A,H,-,B,D,0,,,,,Y,,E,22,0,1,0,0,0,0,0,0,0,"- ","- ",40.813430786132812,-123.47901153564453,TRINITY,UNINCORPORATED,-123.47876739501953,40.813362121582031
92358601,2024,2024-04-08,9175,2024-04-01,1300,019479,,1,1,9,5300,0,3,5,,2,001,"RUSH CREEK ROAD","RUSH CREEK BRIDGE",1056.00,S,N,A,-,N,,,,,,,,,,Y,4,0,1,1,A,-,08,22107,,N,F,A,A,A,H,-,A,D,0,,,,,Y,,D,22,0,0,1,0,0,0,0,0,0,"- ","- ",40.748111724853516,-122.83860015869141,TRINITY,UNINCORPORATED,-122.88289642333984,40.789546966552734
92364808,2024,2024-04-15,9175,2024-04-07,1730,023686,,7,2,9,5300,0,3,5,,2,002,"WASHINGTON ST.",SR-299,407.00,N,N,A,-,N,,,,,,,,,,N,4,0,1,2,D,-,00,,,N,B,G,A,A,H,-,A,D,0,,Y,,,Y,,-,"- ",0,0,1,0,0,0,1,0,0,"- ","- ",40.728389739990234,-122.93538665771484,TRINITY,UNINCORPORATED,-122.93528747558594,40.728305816650391
92377332,2024,2024-04-29,9175,2024-04-17,1805,019432,,3,2,9,5300,0,1,3,,1,010,SR-299,"CASTLE RD.",845.00,W,N,A,-,Y,TRI,,299," "," ",47.316,H,,R,N,4,0,2,1,A,-,08,22107,,N,E,I,A,A,H,-,A,D,0,,,,,Y,,A,01,0,0,2,0,0,0,0,0,0,"- ","- ",40.739799499511719,-122.99928283691406,TRINITY,UNINCORPORATED,-122.99929046630859,40.739803314208984
92380422,2024,2024-05-02,9175,2024-04-26,"130 ",018268,,5,3,9,5300,0,1,3,,1,021,SR-3,"RATTLESNAKE RD",14256.00,N,N,B,-,Y,TRI,,3," "," ",2.847,H,,R,Y,2,0,1,1,A,-,03,22350,,F,E,I,A,B,H,-,D,D,0,,,,,Y,,A,01,1,0,0,0,0,0,0,0,0,"- ","- ",40.503318786621094,-123.17430877685547,TRINITY,UNINCORPORATED,-123.17424011230469,40.503387451171875
92382817,2024,2024-05-06,9175,2024-02-27,2500,016084,,2,4,9,5300,0,3,5,,2,002,"WESTRIDGE RD","EVENING STAR CT",35.00,N,N,A,-,N,,,,,,,,,,N,2,0,1,2,D,-,00,,,F,G,B,E,A,H,-,D,D,0,Y,,,,Y,,-,"- ",1,0,0,0,1,0,0,0,0,"- ","- ",40.410938262939453,-123.24295043945312,TRINITY,UNINCORPORATED,-123.24297332763672,40.41082763671875
92388400,2024,2024-05-13,9175,2024-05-11,1053,021253,,6,1,9,5300,0,1,3,,2,014,SR-299,"BERG RD",3168.00,E,N,A,-,Y,TRI,,299," "," ",8.215,H,,R,Y,3,0,2,1,A,-,08,22107,,N,E,I,A,A,H,-,A,D,0,,,,,Y,,-,"- ",0,2,0,0,0,0,0,0,0,"- ","- ",40.849418640136719,-123.48647308349609,TRINITY,UNINCORPORATED,-123.48646545410156,40.849411010742188
92397445,2024,2024-05-23,9175,2024-05-16,1420,018268,,4,2,9,5300,0,1,3,,2,013,SR-299,"CORRAL BOTTOM RD",13728.00,W,N,A,-,Y,TRI,,299," "," ",25.976,H,,R,Y,3,0,1,2,A,-,08,22107,,N,B,C,A,A,H,-,A,D,0,,,,,Y,,D,22,0,1,0,0,0,0,0,0,0,"- ","- ",40.761280059814453,-123.2822265625,TRINITY,UNINCORPORATED,-123.28223419189453,40.761272430419922
92400192,2024,2024-05-28,9175,2024-05-20,1915,021035,,1,2,9,5300,0,1,3,,1,011,SR-299,"RATTLESNAKE RD",7920.00,N,N,A,-,Y,TRI,,3," "," ",1.521,H,,R,N,3,0,1,1,A,-,08,22107,,N,E,I,A,A,H,-,A,D,0,,,Y,,Y,,C,02,0,1,0,0,0,0,0,0,1,"- ","- ",40.486591339111328,-123.16502380371094,TRINITY,UNINCORPORATED,-123.16508483886719,40.486595153808594
92404633,2024,2024-06-03,9175,2024-05-29,2134,021426,,3,2,9,5300,0,1,3,,1,010,SR-299,"STEEL BRIDGE RD",3062.00,W,N,A,-,Y,TRI,,299," "," ",61.644,H,,R,Y,4,0,2,1,C,-,18,,,N,E,H,A,A,H,-,D,D,0,,,,,Y,,-,"- ",0,0,2,0,0,0,0,0,0,"- ","- ",40.666240692138672,-122.89192199707031,TRINITY,UNINCORPORATED,-122.89192199707031,40.666244506835938
92410580,2024,2024-06-10,9175,2024-06-01,2500,019877,,6,4,9,5300,0,1,3,,1,021,SR-3,"3 TRI MPM 4.43",200.00,S,N,A,-,Y,TRI,,3," "," ",4.460,H,,R,Y,1,1,0,1,A,-,08,22107,,N,F,I,A,A,H,-,E,D,0,,,,,Y,Y,A,01,0,0,0,0,0,0,0,0,0,"- ","- ",40.524139404296875,-123.18035125732422,TRINITY,UNINCORPORATED,-123.18038177490234,40.524139404296875
92413917,2024,2024-06-13,9175,2024-06-02,1730,023686,,7,2,9,5300,0,1,3,,1,022,"LOWER MAD RIVER RD","MAD RIVER CAMPGROUND",1000.00,S,N,A,-,N,,,,,,,,,,Y,3,0,1,1,A,-,03,22350,,N,E,J,A,A,H,-,A,D,0,,,,,Y,,D,22,0,1,0,0,0,0,0,0,0,"- ","- ",40.402248382568359,-123.46349334716797,TRINITY,UNINCORPORATED,-123.37127685546875,40.319747924804688
92414152,2024,2024-06-13,9175,2024-06-08,"30  ",021827,,6,3,9,5300,0,1,3,,2,014,SR-299,"SETH ROAD",150.00,E,N,A,-,Y,TRI,,299," "," ",11.404,H,,R,Y,3,0,1,1,A,-,01,23152,A,N,E,I,A,A,H,-,D,D,0,,,,,Y,Y,A,07,0,1,0,0,0,0,0,0,0,"- ","- ",40.811161041259766,-123.47783660888672,TRINITY,UNINCORPORATED,-123.47786712646484,40.811145782470703
92422202,2024,2024-06-24,9175,2024-06-23,"950 ",019479,,7,1,9,5300,0,3,5,,2,001,"TRINITY DAM BLVD","RUSH CREEK ROAD",12672.00,N,N,A,-,N,,,,,,,,,,Y,2,0,1,1,A,-,08,22107,,N,F,A,A,A,H,-,A,D,0,,,Y,,Y,,C,02,1,0,0,0,0,0,0,0,1,"- ","- ",40.745861053466797,-122.80911254882812,TRINITY,UNINCORPORATED,-122.81005859375,40.746410369873047
92423900,2024,2024-06-26,9175,2024-06-21,2110,021426,,5,2,9,5300,0,1,3,,2,013,SR-299,"BIG FRENCH CREEK ROAD",5808.00,E,N,A,-,Y,TRI,,299," "," ",24.440,H,,R,N,4,0,1,1,C,-,18,,,N,E,H,A,A,H,-,B,D,0,,,,,Y,,-,"- ",0,0,1,0,0,0,0,0,0,"- ","- ",40.767559051513672,-123.3065185546875,TRINITY,UNINCORPORATED,-123.30654907226562,40.767555236816406
92429806,2024,2024-07-09,9175,2024-06-27,1335,019877,,4,1,9,5300,0,1,3,,1,021,SR-3,"BIG CREEK RD.",5.00,S,N,A,-,Y,TRI,,3," "," ",9.287,H,,R,Y,2,0,1,2,A,-,03,22350,,N,C,C,A,A,H,-,A,D,0,,,Y,,Y,,C,02,1,0,0,0,0,0,0,0,1,"- ","- ",40.553340911865234,-123.14273071289062,TRINITY,UNINCORPORATED,-123.14273071289062,40.553340911865234
92432100,2024,2024-07-08,9175,2024-06-30,1040,016084,,7,1,9,5300,0,1,3,,1,011,"RT 299","LITTLE BROWNS CREEK ROAD",1584.00,E,N,A,-,Y,TRI,,299," "," ",55.532,H,,R,Y,3,0,1,1,A,-,03,22350,,N,E,H,A,A,H,-,D,D,0,,,Y,,Y,,C,02,0,1,0,0,0,0,0,0,1,"- ","- ",40.682621002197266,-122.93575286865234,TRINITY,UNINCORPORATED,-122.93576049804688,40.682628631591797
92434037,2024,2024-07-09,9175,2024-06-30,2500,020722,,7,4,9,5300,0,3,5,,2,001,"TRINITY DAM BLVD",SR-3,2112.00,E,N,A,-,N,,,,,,,,,,Y,3,0,2,1,A,-,01,23152,F,N,F,I,A,A,H,-,A,D,0,,,,,Y,,A,01,0,1,1,0,0,0,0,0,0,"- ","- ",40.802970886230469,-122.88326263427734,TRINITY,UNINCORPORATED,-122.88304901123047,40.802974700927734
93589281,2024,2024-08-05,9175,2024-07-30,1835,021035,,2,2,9,5300,0,1,3,,1,011,SR-299,"JENNINGS RD",581.00,E,N,A,-,Y,TRI,,299," "," ",48.740,H,,R,Y,3,0,1,1,A,-,08,22107,,N,E,I,A,A,H,-,A,D,0,,,,,Y,,-,"- ",0,1,0,0,0,0,0,0,0,"- ","- ",40.740089416503906,-122.98061370849609,TRINITY,UNINCORPORATED,-122.98048400878906,40.740032196044922
94405142,2024,2024-09-23,9175,2024-09-18,1030,018268,,3,1,9,5300,0,1,3,,1,011,"SR-299 (MAIN ST)",SR-3,10.00,W,N,A,-,Y,TRI,,299," "," ",51.558,H,,R,N,4,0,1,2,A,-,08,22107,,N,B,C,A,A,H,-,A,A,0,,,,Y,Y,,A,01,0,0,1,0,0,0,0,0,0,"- ","- ",40.732860565185547,-122.94049835205078,TRINITY,UNINCORPORATED,-122.94058990478516,40.732868194580078
94415485,2024,2024-10-01,9175,2024-09-22,1848,020722,,7,2,9,5300,0,3,5,,2,001,"LONG CANYON RD",SR-3,17952.00,W,N,A,-,N,,,,,,,,,,Y,2,0,2,2,A,-,05,21650,,N,B,2,A,A,H,-,A,D,0,,,Y,,Y,,-,"- ",1,1,0,0,0,0,0,0,2,"- ","- ",40.916660308837891,-122.82295227050781,TRINITY,UNINCORPORATED,-122.80888366699219,40.921741485595703
94418495,2024,2024-10-03,9175,2024-09-26,2130,021827,,4,2,9,5300,0,3,5,,2,002,"ST. JOHN ROAD","SYDNEY LANE",2112.00,N,N,A,-,N,,,,,,,,,,Y,3,0,1,1,A,-,08,22107,,N,F,A,A,A,H,-,D,D,0,,,,,Y,,D,22,0,1,0,0,0,0,0,0,0,"- ","- ",40.576038360595703,-123.42624664306641,TRINITY,UNINCORPORATED,-123.42642211914062,40.578285217285156
94436516,2024,2024-10-18,9175,2024-10-15,1155,018268,,2,1,9,5300,0,1,3,,1,020,SR-3,"READING CREEK RD",7920.00,S,N,A,-,Y,TRI,,3," "," ",28.424,H,,R,Y,4,0,1,1,A,-,03,22350,,N,E,8,A,A,H,-,A,D,0,,,,,Y,,D,22,0,0,1,0,0,0,0,0,0,"- ","- ",40.620800018310547,-122.93894195556641,TRINITY,UNINCORPORATED,-122.93894195556641,40.620796203613281
94481994,2024,2024-11-25,9175,2024-11-13,"945 ",020464,,3,1,9,5300,0,1,3,,2,014,SR-299,"SUZY Q RD",1056.00,E,N,B,C,Y,TRI,,299," "," ",4.523,H,,R,Y,2,0,1,2,A,-,03,22350,,N,A,C,A,B,H,-,A,D,0,,,,,Y,,A,01,1,0,0,0,0,0,0,0,0,"- ","- ",40.875518798828125,-123.53710174560547,TRINITY,UNINCORPORATED,-123.53704071044922,40.875537872314453
94482292,2024,2024-11-25,9175,2024-11-16,"500 ",020464,,6,3,9,5300,0,1,3,,1,012,SR-299,"CEMETARY RD",1320.00,E,N,A,-,Y,TRI,,299," "," ",38.076,H,,R,Y,3,0,1,1,C,-,18,,,N,E,H,A,B,H,-,D,D,0,,,,,Y,,-,"- ",0,1,0,0,0,0,0,0,0,"- ","- ",40.766391754150391,-123.10854339599609,TRINITY,UNINCORPORATED,-123.10854339599609,40.766323089599609
94493503,2024,2024-12-05,9175,2024-12-02,1945,024195,,1,2,9,5300,0,1,3,,1,011,"SOUTHFORK ROAD",SR-299,5280.00,S,N,A,-,N,,,,,,,,,,Y,3,0,1,1,A,-,03,22350,,N,F,0,A,B,H,-,D,D,0,,,,,Y,,-,"- ",0,1,0,0,0,0,0,0,0,"- ","- ",40.879051208496094,-123.58911895751953,TRINITY,UNINCORPORATED,-123.58901214599609,40.879127502441406
94535736,2025,2025-01-13,9175,2025-01-03,1750,021724,,5,2,9,5300,0,1,3,,2,014,SR-299,"CAMPBELL RIDGE RD",1584.00,W,N,B,-,Y,TRI,,299," "," ",0.641,H,,R,Y,4,0,1,1,A,-,01,23152,A,N,E,I,A,B,H,-,D,D,0,,,,,Y,Y,D,22,0,0,1,0,0,0,0,0,0,"- ","- ",40.88690185546875,-123.59008026123047,TRINITY,UNINCORPORATED,-123.59007263183594,40.886974334716797
94554286,2025,2025-01-29,9175,2025-01-20,1715,021836,,1,2,9,5300,0,1,3,,1,011,"SR-299 W/B","UNION HILL ROAD",3168.00,W,N,A,-,Y,,,,,,,,,,Y,2,0,1,1,A,-,08,22107,,N,E,I,A,A,H,-,D,D,0,,,,,Y,Y,A,01,1,0,0,0,0,0,0,0,0,"- ","- ",40.408550262451172,-122.56487274169922,TRINITY,UNINCORPORATED,-122.94358825683594,40.672821044921875
94554757,2025,2025-01-29,9175,2025-01-22,"830 ",020464,,3,1,9,5300,0,1,3,,2,013,SR-299,"BIG FRENCH CREEK RD",2640.00,W,N,A,-,Y,TRI,,299," "," ",22.944,H,,R,Y,4,0,1,1,C,-,18,,,N,F,A,A,C,H,-,A,D,0,,,,,Y,,-,"- ",0,0,1,0,0,0,0,0,0,"- ","- ",40.777679443359375,-123.31536102294922,TRINITY,UNINCORPORATED,-123.31536102294922,40.7777099609375