CASE_ID,ACCIDENT_YEAR,PROC_DATE,JURIS,COLLISION_DATE,COLLISION_TIME,OFFICER_ID,REPORTING_DISTRICT,DAY_OF_WEEK,CHP_SHIFT,POPULATION,CNTY_CITY_LOC,SPECIAL_COND,BEAT_TYPE,CHP_BEAT_TYPE,CITY_DIVISION_LAPD,CHP_BEAT_CLASS,BEAT_NUMBER,PRIMARY_RD,SECONDARY_RD,DISTANCE,DIRECTION,INTERSECTION,WEATHER_1,WEATHER_2,STATE_HWY_IND,CALTRANS_COUNTY,CALTRANS_DISTRICT,STATE_ROUTE,ROUTE_SUFFIX,POSTMILE_PREFIX,POSTMILE,LOCATION_TYPE,RAMP_INTERSECTION,SIDE_OF_HWY,TOW_AWAY,COLLISION_SEVERITY,NUMBER_KILLED,NUMBER_INJURED,PARTY_COUNT,PRIMARY_COLL_FACTOR,PCF_CODE_OF_VIOL,PCF_VIOL_CATEGORY,PCF_VIOLATION,PCF_VIOL_SUBSECTION,HIT_AND_RUN,TYPE_OF_COLLISION,MVIW,PED_ACTION,ROAD_SURFACE,ROAD_COND_1,ROAD_COND_2,LIGHTING,CONTROL_DEVICE,CHP_ROAD_TYPE,PEDESTRIAN_ACCIDENT,BICYCLE_ACCIDENT,MOTORCYCLE_ACCIDENT,TRUCK_ACCIDENT,NOT_PRIVATE_PROPERTY,ALCOHOL_INVOLVED,STWD_VEHTYPE_AT_FAULT,CHP_VEHTYPE_AT_FAULT,COUNT_SEVERE_INJ,COUNT_VISIBLE_INJ,COUNT_COMPLAINT_PAIN,COUNT_PED_KILLED,COUNT_PED_INJURED,COUNT_BICYCLIST_KILLED,COUNT_BICYCLIST_INJURED,COUNT_MC_KILLED,COUNT_MC_INJURED,PRIMARY_RAMP,SECONDARY_RAMP,LATITUDE,LONGITUDE,COUNTY,CITY,POINT_X,POINT_Y
90589320,2017,2017-11-07,9175,2017-11-01,1720,016084,,3,2,9,5300,0,1,3,,1,011,SR-299,"WEAVER STREET",0.00,,Y,A,-,Y,,,299,,,,,,,N,3,0,1,2,A,-,08,22107,,N,D,G,A,A,H,-,A,D,0,,Y,,,Y,,A,01,0,1,0,0,0,0,1,0,0,"- ","- ",40.726529999999997,-122.93465,TRINITY,UNINCORPORATED,-122.93467864,40.726489340000001
90596058,2017,2017-11-16,9175,2017-11-10,1230,014636,,5,1,9,5300,0,1,3,,1,022,SR-36,"WILDWOOD RD",22704.00,W,N,C,-,Y,,,,,,,,,,Y,2,0,4,1,A,-,03,22350,,N,F,A,A,B,H,-,A,D,0,,,,,Y,,A,07,1,3,0,0,0,0,0,0,0,"- ","- ",,,TRINITY,UNINCORPORATED,-123.08944636,40.391906059999997
90610302,2017,2017-12-05,9175,2017-11-26,0045,020580,,7,3,9,5300,0,3,5,,2,001,"LANCE GULCH RD.","BROWNS RANCH RD",1320.00,N,N,A,-,N,,,,,,,,,,Y,3,0,2,1,A,-,01,23152,A,M,F,I,A,A,H,-,D,D,0,,,,,Y,Y,D,22,0,1,1,0,0,0,0,0,0,"- ","- ",40.7361,-122.92603,TRINITY,UNINCORPORATED,-122.92547623999999,40.737655699999998
90626224,2017,2017-12-26,9175,2017-12-20,2340,020683,,3,3,9,5300,0,3,5,,2,002,"LOWER MAD RIVER RD","JOHNSON LOOP",6864.00,S,N,A,-,N,,,,,,,,,,Y,2,0,1,1,A,-,01,23152,A,N,E,I,A,A,H,-,D,D,0,,,,,Y,Y,A,01,1,0,0,0,0,0,0,0,0,"- ","- ",40.250160000000001,-123.31833,TRINITY,UNINCORPORATED,-123.31925869,40.251510719999999
90632269,2017,2018-01-03,9175,2017-12-28,1355,018328,,4,1,9,5300,0,1,3,,1,010,SR-299,SR-3,127.00,E,N,A,-,Y,,,299,,,,,,,Y,2,0,1,1,A,-,08,22107,,N,E,I,A,B,H,-,A,D,0,,,,,Y,,A,07,1,0,0,0,0,0,0,0,0,"- ","- ",40.651499999999999,-122.93810000000001,TRINITY,UNINCORPORATED,-122.93809616999999,40.651470160000002
90633674,2018,2018-01-05,9175,2018-01-03,1100,016084,,3,1,9,5300,0,1,3,,1,022,"STATE ROUTE 36","TRINITY PINES DRIVE",23760.00,W,N,B,-,Y,,,36,,,,,,,Y,3,0,1,1,A,-,13,22515,A,N,G,B,E,A,H,-,A,D,0,Y,,,,Y,,N,60,0,1,0,0,1,0,0,0,0,"- ","- ",40.389839172363281,-123.27887725830078,TRINITY,UNINCORPORATED,-123.27886962890625,40.389816284179688
90636022,2017,2018-01-09,9175,2017-12-31,1758,020464,,7,2,9,5300,0,3,5,,2,001,"LAKE FOREST DR",SR-3,3696.00,W,N,B,-,N,,,,,,,,,,Y,4,0,1,1,A,-,03,22350,,N,E,I,A,D,H,-,D,D,0,,,,,Y,,A,01,0,0,1,0,0,0,0,0,0,"- ","- ",40.91207,-122.77922,TRINITY,UNINCORPORATED,-122.78287438,40.91169
90637938,2018,2018-01-11,9175,2018-01-08,2355,020683,,1,3,9,5300,0,3,5,,2,001,"CENTER ST.",SR-3,453.00,E,N,A,C,N,,,,,,,,,,Y,3,0,1,1,A,-,01,23152,A,N,E,I,A,A,H,-,C,D,0,,,,,Y,Y,A,01,0,1,0,0,0,0,0,0,0,"- ","- ",40.7310791015625,-122.93878936767578,TRINITY,UNINCORPORATED,-122.93898010253906,40.731792449951172
90645513,2018,2018-01-23,9175,2018-01-22,1200,012749,,1,1,9,5300,0,1,3,,2,013,SR-299,"PRAIRIE CREEK RD",6336.00,W,N,B,-,Y,,,,,,,,,,Y,3,0,1,1,A,-,08,22107,,N,F,A,A,A,H,-,A,D,0,,,,,Y,,D,22,0,1,0,0,0,0,0,0,0,"- ","- ",40.459690093994141,-123.18251037597656,TRINITY,UNINCORPORATED,-123.30428314208984,40.766208648681641
90647440,2018,2018-01-25,9175,2018-01-24,0345,020683,,3,3,9,5300,0,1,3,,1,022,SR-36,"FOREST GLEN DR",7920.00,W,N,C,-,Y,,,36,,,,,,,Y,3,0,1,1,A,-,08,22107,,N,F,I,A,B,H,-,D,D,0,,,,,Y,,D,22,0,1,0,0,0,0,0,0,0,"- ","- ",40.379421234130859,-123.34184265136719,TRINITY,UNINCORPORATED,-123.34175109863281,40.379306793212891
90678472,2018,2018-03-09,9175,2018-03-01,1515,019877,,4,2,9,5300,0,1,3,,1,022,SR-36,"WILDWOOD RD",29568.00,W,N,D,-,Y,,,36,,,,,,,Y,3,0,2,1,A,-,03,22350,,N,F,I,A,C,H,-,A,D,0,,,,,Y,,A,07,0,2,0,0,0,0,0,0,0,"- ","- ",40.392200469970703,-123.106201171875,TRINITY,UNINCORPORATED,-123.10625457763672,40.392330169677734
90687889,2018,2018-03-22,9175,2018-03-18,1855,020464,,7,2,9,5300,0,1,3,,1,011,SR-299,"INDUSTRIAL PKY",1940.00,E,N,A,-,Y,,,299,,,,,,,Y,2,0,1,1,A,-,01,23152,A,N,F,I,A,A,H,-,A,D,0,,,,,Y,Y,I,12,1,0,0,0,0,0,0,0,0,"- ","- ",40.705039978027344,-122.92507171630859,TRINITY,UNINCORPORATED,-122.9249267578125,40.705009460449219
90697433,2018,2018-04-03,9175,2018-03-23,2030,020804,,5,2,9,5300,0,1,3,,1,022,"HIGHWAY 36","RT 3",18480.00,E,N,D,-,Y,,,,,,,,,,Y,3,0,1,1,A,-,03,22350,,M,E,I,A,C,H,-,D,D,0,,,,,Y,,A,01,0,1,0,0,0,0,0,0,0,"- ","- ",40.398471832275391,-123.13114929199219,TRINITY,UNINCORPORATED,-123.13327789306641,40.399188995361328
90697444,2018,2018-04-03,9175,2018-03-26,1935,020464,,1,2,9,5300,0,1,3,,2,014,SR-299,"HENNESSEY RD",2640.00,W,N,A,-,Y,,,299,,,,,,,N,2,0,1,1,C,-,18,,,N,E,J,A,A,C,-,B,D,0,,,,,Y,,-,"- ",1,0,0,0,0,0,0,0,0,"- ","- ",40.816349029541016,-123.47834014892578,TRINITY,UNINCORPORATED,-123.47833251953125,40.816352844238281
90706914,2018,2018-04-17,9175,2018-04-08,1750,020464,,7,2,9,5300,0,3,5,,2,001,"SCHOOL HOUSE RD","LEWISTON TURNPIKE RD",57.00,S,N,A,-,N,,,,,,,,,,N,2,0,1,1,A,-,01,23152,A,N,F,A,A,A,H,-,A,D,0,,,Y,,Y,Y,C,02,1,0,0,0,0,0,0,0,1,"- ","- ",40.705780029296875,-122.80751800537109,TRINITY,UNINCORPORATED,-122.80751800537109,40.705780029296875
90707179,2018,2018-04-17,9175,2018-04-09,1115,15928,,1,1,9,5300,0,1,3,,1,010,"STATE ROUTE 299","RIVER RANCH ROAD",70.00,W,N,A,-,Y,,,,,,,,,,Y,2,0,2,1,A,-,08,22107,,N,E,I,A,A,H,-,A,D,0,,,,,Y,,A,01,2,0,0,0,0,0,0,0,0,"- ","- ",40.392551422119141,-122.55204772949219,TRINITY,UNINCORPORATED,-122.92736053466797,40.654659271240234
90709082,2018,2018-04-19,9175,2018-04-13,2050,021253,,5,2,9,5300,0,3,5,,2,002,"LOWER MAD RIVER ROAD",SR-36,58080.00,S,N,A,-,N,,,,,,,,,,Y,2,0,1,1,A,-,08,22107,,N,E,I,A,A,H,-,D,D,0,,,,,Y,,D,22,1,0,0,0,0,0,0,0,0,"- ","- ",40.430961608886719,-123.48605346679688,TRINITY,UNINCORPORATED,,
90712561,2018,2018-04-25,9175,2018-04-22,1138,018645,,7,1,9,5300,0,1,3,,1,022,SR-36,"36 TRI 8.2",208.00,E,N,A,-,Y,,,36,,,,,,,Y,2,0,1,1,A,-,08,22107,,N,F,I,A,A,H,-,A,D,0,,,Y,,Y,,C,02,1,0,0,0,0,0,0,0,1,"- ","- ",40.407119750976562,-123.44731140136719,TRINITY,UNINCORPORATED,-123.44721221923828,40.407161712646484
90726590,2018,2018-05-15,9175,2018-05-09,1609,018268,,3,2,9,5300,0,1,3,,1,011,"BREMER ST","SR-299 (MAIN ST)",2.00,S,N,A,-,N,,,,,,,,,,N,4,0,1,2,A,-,05,21650,,N,D,G,A,A,H,-,A,A,0,,Y,,,Y,,L,04,0,0,1,0,0,0,1,0,0,"- ","- ",40.729259490966797,-122.93914794921875,TRINITY,UNINCORPORATED,-122.939041,40.729329
90726763,2018,2018-05-15,9175,2018-05-11,0310,021253,,5,3,9,5300,0,1,3,,1,012,SR-299,"CASTLE ROAD",164.00,E,N,A,-,Y,,,299,,,,,,,Y,3,0,1,1,A,-,01,23152,A,N,E,I,A,A,H,-,D,D,0,,,,,Y,Y,A,08,0,1,0,0,0,0,0,0,0,"- ","- ",40.738868713378906,-122.98342132568359,TRINITY,UNINCORPORATED,-122.9832763671875,40.738571166992188
90727602,2018,2018-05-16,9175,2018-05-14,1130,019479,,1,1,9,5300,0,1,3,,1,022,SR-36,"WILD MAD RD",15840.00,W,N,A,-,Y,,,36,,,,,,,Y,2,0,1,1,A,-,08,22107,,N,F,A,A,A,H,-,A,D,0,,,Y,,Y,,C,02,1,0,0,0,0,0,0,0,1,"- ","- ",40.387821197509766,-123.10957336425781,TRINITY,UNINCORPORATED,-123.10956573486328,40.387744903564453
90739279,2018,2018-06-01,9175,2018-05-26,1230,020580,,6,1,9,5300,0,1,3,,2,013,SR-299,"SWEDE CREEK RD",7920.00,W,N,A,-,Y,,,299,,,,,,,Y,4,0,1,1,A,-,08,22107,,N,E,I,A,A,H,-,A,D,0,,,,,Y,,A,01,0,0,1,0,0,0,0,0,0,"- ","- ",40.796329498291016,-123.38043975830078,TRINITY,UNINCORPORATED,-123.38044738769531,40.79632568359375
90741403,2018,2018-06-05,9175,2018-06-01,2120,021253,,5,2,9,5300,0,1,3,,2,015,SR-3,"GRANITE PEAK ROAD",150.00,S,N,A,-,Y,,,3,,,,,,,Y,2,0,1,1,A,-,08,22107,,N,F,A,A,A,H,-,D,D,0,,,,,Y,,A,07,1,0,0,0,0,0,0,0,0,"- ","- ",40.85552978515625,-122.82244110107422,TRINITY,UNINCORPORATED,-122.82246398925781,40.855548858642578
90743228,2018,2018-06-07,9175,2018-06-02,1723,020722,,6,2,9,5300,0,1,3,,1,021,"SR-3 N/B","VICTORIA LN",3960.00,N,N,A,-,Y,,,3,,,,,,N,Y,3,0,1,1,C,-,18,,,N,H,H,A,A,H,-,A,D,0,,,Y,,Y,,-,"- ",0,1,0,0,0,0,0,0,1,"- ","- ",40.58245849609375,-123.03907775878906,TRINITY,UNINCORPORATED,-123.03916168212891,40.582473754882812
90746188,2018,2018-06-12,9175,2018-05-11,2335,020804,,5,3,9,5300,0,3,5,,2,002,"LOWER MAD RIVER ROAD",SR-36,20592.00,S,N,A,-,N,,,,,,,,,,Y,1,1,1,1,A,-,01,23152,A,N,F,A,A,A,H,-,D,D,0,,,,,Y,Y,A,07,0,0,1,0,0,0,0,0,0,"- ","- ",40.402320861816406,-123.46231842041016,TRINITY,UNINCORPORATED,-123.46144104003906,40.402156829833984
90751790,2018,2018-06-20,9175,2018-05-31,2500,014636,,4,4,9,5300,0,3,5,,2,001,"EASTSIDE RD",SR-3,60192.00,E,N,B,-,N,,,,,,,,,,Y,1,1,0,1,A,-,08,22107,,N,E,I,A,A,H,-,A,D,0,,,,,Y,,D,23,0,0,0,0,0,0,0,0,0,"- ","- ",40.969268798828125,-122.61387634277344,TRINITY,UNINCORPORATED,-122.61215972900391,40.968395233154297
90756226,2018,2018-06-26,9175,2018-06-23,0945,020722,,6,1,9,5300,0,1,3,,1,012,"SR-299 E/B","ROSE RD",2534.00,W,N,A,-,Y,,,299,,,,,,E,Y,3,0,2,1,A,-,08,22107,,N,E,I,A,A,H,-,A,D,0,,,,,Y,,A,07,0,1,1,0,0,0,0,0,0,"- ","- ",40.741138458251953,-123.21840667724609,TRINITY,UNINCORPORATED,-123.21840667724609,40.741092681884766
90761850,2018,2018-07-03,9175,2018-06-30,2300,020464,,6,3,9,5300,0,3,5,,2,002,"LOWER MAD RIVER RD","KOKANEE WAY",30.00,N,N,A,-,N,,,,,,,,,,Y,2,0,1,1,A,-,08,22107,,N,F,I,A,A,H,-,D,D,0,,,,,Y,Y,A,01,1,0,0,0,0,0,0,0,0,"- ","- ",40.353958129882812,-123.41396331787109,TRINITY,UNINCORPORATED,-123.41407012939453,40.353912353515625
90767813,2018,2018-07-12,9175,2018-07-08,1245,012749,,7,1,9,5300,0,1,3,,2,014,SR-299,"SALYER LOOP RD",7920.00,E,N,A,-,Y,,,299,,,,,,,Y,2,0,3,2,A,-,01,23152,A,N,A,C,A,A,G,-,A,D,0,,,,,Y,,A,01,2,1,0,0,0,0,0,0,0,"- ","- ",40.887428283691406,-123.55999755859375,TRINITY,UNINCORPORATED,-123.56000518798828,40.887428283691406
90768748,2018,2018-07-13,9175,2018-07-12,2300,021253,,4,3,9,5300,0,3,5,,2,001,"FOUNTAIN RANCH ROAD","KNOLL ROAD",110.00,S,N,A,-,Y,,,,,,,,,,Y,2,0,1,1,A,-,08,22107,,N,F,A,A,A,H,-,C,D,0,,,,,Y,,A,07,1,0,0,0,0,0,0,0,0,"- ","- ",40.896030426025391,-123.58332061767578,TRINITY,UNINCORPORATED,-123.58332061767578,40.896030426025391
90778745,2018,2018-07-27,9175,2018-07-25,2053,020786,,3,2,9,5300,0,3,5,,2,001,"LANCE GULCH RD","PIONEER LN",90.00,S,N,A,-,N,,,,,,,,,,N,3,0,1,1,C,-,18,,,N,H,H,A,A,H,-,B,D,0,,,Y,,Y,,-,"- ",0,1,0,0,0,0,0,0,1,"- ","- ",40.433330535888672,-122.55341339111328,TRINITY,UNINCORPORATED,-122.9261474609375,40.726097106933594
90787087,2018,2018-08-08,9175,2018-08-05,0915,018268,,7,1,9,5300,0,1,3,,1,022,SR-36,SR-3,32736.00,E,N,F,-,Y,,,36,,,,,,,Y,3,0,1,1,A,-,03,22350,,N,F,I,A,A,H,-,A,D,0,,,Y,,Y,,C,02,0,1,0,0,0,0,0,0,1,"- ","- ",40.389801025390625,-123.10604858398438,TRINITY,UNINCORPORATED,-123.10601806640625,40.389774322509766
90789304,2018,2018-08-13,9175,2018-08-06,1900,020580,,1,2,9,5300,0,3,5,,2,002,"BURNT RANCH SCHOOL RD","POWER HOUSE RD",586.00,N,N,A,-,N,,,,,,,,,,Y,3,0,1,1,A,-,01,23152,A,N,E,I,A,A,H,-,A,D,0,,,,,Y,Y,A,01,0,1,0,0,0,0,0,0,0,"- ","- ",40.810310363769531,-123.47939300537109,TRINITY,UNINCORPORATED,-123.47901916503906,40.810024261474609
90790639,2018,2018-08-14,9175,2018-08-04,1949,020786,,6,2,9,5300,0,3,5,,2,002,"BRADY RD","1600 BRADY RD",41.00,S,N,A,-,N,,,,,,,,,,Y,4,0,1,1,A,-,08,22107,,N,E,I,A,A,H,-,B,D,0,,,,,Y,Y,D,22,0,0,1,0,0,0,0,0,0,"- ","- ",40.574741363525391,-123.17445373535156,TRINITY,UNINCORPORATED,-111.80677032470703,48.035488128662109
90794611,2018,2018-08-21,9175,2018-08-15,1315,016084,,3,1,9,5300,0,3,5,,2,002,"KERLIN CREEK ROAD","LOWER SOUTH FORK ROAD",9504.00,S,N,A,-,N,,,,,,,,,,N,2,0,2,1,A,-,03,22350,,N,F,A,A,A,H,-,A,D,0,,,,,Y,,E,22,1,1,0,0,0,0,0,0,0,"- ","- ",40.620121002197266,-123.50041198730469,TRINITY,UNINCORPORATED,-123.50059509277344,40.620098114013672
90796117,2018,2018-08-22,9175,2018-08-20,2055,018645,,1,2,9,5300,0,1,3,,1,010,SR-299,"RIFFLE LANE",528.00,W,N,A,-,Y,,,299,,,,,,,Y,4,0,1,1,C,-,18,,,N,F,A,A,A,H,-,C,D,0,,,,,Y,,-,"- ",0,0,1,0,0,0,0,0,0,"- ","- ",40.654220581054688,-122.93048095703125,TRINITY,UNINCORPORATED,-122.93044281005859,40.654106140136719
90810491,2018,2018-09-11,9175,2018-09-06,1207,014636,,4,1,9,5300,0,1,3,,1,011,SR-299,"NUGGET LN.",0.00,,Y,A,-,Y,,,299,,,,,,,Y,3,0,1,2,A,-,09,21802,A,N,D,C,A,A,H,-,A,A,0,,,Y,,Y,,A,07,0,1,0,0,0,0,0,0,1,"- ","- ",40.720260620117188,-122.92819213867188,TRINITY,UNINCORPORATED,-122.92820739746094,40.720252990722656
90815911,2018,2018-09-18,9175,2018-09-15,1310,019485,,6,1,9,5300,0,1,3,,1,022,SR-36,SR-3,3168.00,W,N,A,-,Y,,,36,,,,,,,N,2,0,1,2,D,-,00,,,N,B,C,A,A,H,-,A,D,0,,,Y,,Y,,-,"- ",1,0,0,0,0,0,0,0,1,"- ","- ",40.417278289794922,-123.17842102050781,TRINITY,UNINCORPORATED,-123.17841339111328,40.417255401611328
90816949,2018,2018-09-19,9175,2018-09-12,1406,020786,,3,2,9,5300,0,1,3,,1,022,"SR-36 EB","BOLTON RD",95.00,W,N,A,-,Y,,,36,,,,,,E,Y,3,0,1,1,A,-,03,22350,,N,F,I,A,A,H,-,A,D,0,,,,,Y,,A,07,0,1,0,0,0,0,0,0,0,"- ","- ",40.45526123046875,-123.51239013671875,TRINITY,UNINCORPORATED,-123.512451171875,40.455104827880859
90820650,2018,2018-09-25,9175,2018-09-09,2335,018645,,7,3,9,5300,0,1,3,,2,014,SR-299,"PONY CREEK ROAD",2640.00,W,N,A,-,Y,,,299,,,,,,,Y,1,1,5,1,A,-,01,23152,A,N,E,I,A,A,H,-,D,D,0,,,,,Y,Y,A,07,2,3,0,0,0,0,0,0,0,"- ","- ",40.859970092773438,-123.51168060302734,TRINITY,UNINCORPORATED,-123.51165771484375,40.860004425048828
90821044,2018,2018-09-25,9175,2018-09-22,1550,020464,,6,2,9,5300,0,3,5,,2,002,"LOWER MAD RIVER RD",SR-36,28565.00,S,N,A,-,N,,,,,,,,,,Y,2,0,1,1,A,-,08,22107,,N,F,A,A,A,H,-,A,D,0,,,,,Y,,A,07,1,0,0,0,0,0,0,0,0,"- ","- ",40.385540008544922,-123.44796752929688,TRINITY,UNINCORPORATED,-123.447968,40.385539999999999
90825949,2018,2018-10-01,9175,2018-09-26,2130,018268,,3,2,9,5300,0,3,5,,2,002,"READING CREEK RD",SR-3,8976.00,E,N,A,-,N,,,,,,,,,,Y,3,0,1,1,A,-,03,22350,,N,E,I,A,A,H,-,C,D,0,,,,,Y,,D,22,0,1,0,0,0,0,0,0,0,"- ","- ",40.19573974609375,-122.93512725830078,TRINITY,UNINCORPORATED,-122.93497467041016,40.620452880859375
90828888,2018,2018-10-04,9175,2018-10-02,2030,020722,,2,2,9,5300,0,1,3,,2,014,"SR-299 E/B","UNERWOOD MOUNTAIN RD",377.00,W,N,B,-,Y,,,299,,,,,,E,Y,3,0,1,1,A,-,08,22107,,N,E,I,A,B,H,-,D,D,0,,,,,Y,,A,08,0,1,0,0,0,0,0,0,0,"- ","- ",40.807361602783203,-123.47207641601562,TRINITY,UNINCORPORATED,-123.47210693359375,40.807262420654297
90840175,2018,2018-10-19,9175,2018-10-14,1310,019485,,7,1,9,5300,0,3,5,,2,001,"DIRT/GRAVEL SERVICE ROAD","AIRPORT RD",2640.00,W,N,A,-,N,,,,,,,,,,N,2,0,1,1,A,-,08,22107,,N,E,J,A,A,H,-,A,D,0,,,Y,,Y,,C,02,1,0,0,0,0,0,0,0,1,"- ","- ",40.987701416015625,-122.69680023193359,TRINITY,UNINCORPORATED,,
90843579,2018,2018-10-24,9175,2018-10-22,1640,016084,,1,2,9,5300,0,1,3,,1,011,"RT 299","CASTLE ROAD",3168.00,E,N,A,-,Y,,,299,,,,,,,Y,3,0,1,3,A,-,03,22350,,N,C,C,A,A,D,-,A,A,0,,,,,Y,,D,22,0,1,0,0,0,0,0,0,0,"- ","- ",40.738849639892578,-122.98956298828125,TRINITY,UNINCORPORATED,-122.98957824707031,40.738773345947266
90854072,2018,2018-11-06,9175,2018-10-28,1100,020464,,7,1,9,5300,0,1,3,,2,014,SR-299,"CAMPBELL RIDGE RD",1930.00,W,N,B,C,Y,,,299,,,,,,,Y,4,0,1,1,A,-,01,23152,F,N,E,I,A,B,H,-,A,D,0,,,,,Y,,A,07,0,0,1,0,0,0,0,0,0,"- ","- ",40.886600494384766,-123.58754730224609,TRINITY,UNINCORPORATED,-123.58756256103516,40.886623382568359
90861596,2018,2018-11-16,9175,2018-11-09,1857,018507,,5,2,9,5300,0,1,3,,1,011,SR-299,"PONDEROSA LANE",0.00,,Y,A,-,Y,,,299,,,,,,,Y,3,0,2,2,A,-,09,21801,A,N,A,C,A,A,H,-,C,D,0,,,,,Y,,A,07,0,2,0,0,0,0,0,0,0,"- ","- ",40.713111877441406,-122.92474365234375,TRINITY,UNINCORPORATED,-122.92471313476562,40.713123321533203
90861607,2018,2018-11-16,9175,2018-11-12,1331,018507,,1,1,9,5300,0,3,5,,2,002,"NATIONAL FOREST- SOUTH OF RUTH LAKE",UNKNOWN,0.00,,Y,A,-,N,,,,,,,,,,N,2,0,1,1,D,-,00,,,N,H,J,A,A,G,-,A,D,0,,,,,Y,,-,"- ",1,0,0,0,0,0,0,0,0,"- ","- ",40.262229919433594,-123.28395843505859,TRINITY,UNINCORPORATED,,
90864777,2018,2018-11-21,9175,2018-11-16,0215,020722,,5,3,9,5300,0,1,3,,1,010,"SR-299 W/B","TRINITY DAM BLVD",5280.00,W,N,A,-,Y,,,299,,,,,,W,Y,4,0,1,1,A,-,08,22107,,N,E,I,A,A,H,-,D,D,0,,,,,Y,,D,22,0,0,1,0,0,0,0,0,0,"- ","- ",40.668910980224609,-122.81259918212891,TRINITY,UNINCORPORATED,-122.81257629394531,40.6689453125
90872631,2018,2018-11-30,9175,2018-11-22,0850,019479,,4,1,9,5300,0,1,3,,1,010,SR-299,"LEWISTON RD",372.00,W,N,C,-,Y,,,299,,,,,,,Y,2,0,3,2,A,-,05,21460,A,N,A,C,A,B,H,-,A,D,0,,,,,Y,,D,22,2,1,0,0,0,0,0,0,0,"- ","- ",40.672298431396484,-122.86386108398438,TRINITY,UNINCORPORATED,-122.86387634277344,40.672325134277344
90873528,2018,2018-12-03,9175,2018-11-28,1025,016084,,3,1,9,5300,0,1,3,,2,014,"STATE ROUTE 299","UNDERWOOD MOUNTAIN ROAD",528.00,W,N,B,-,Y,,,,,,,,,,Y,3,0,1,1,A,-,08,22107,,N,E,I,A,B,H,-,A,D,0,,,,,Y,,A,01,0,1,0,0,0,0,0,0,0,"- ","- ",40.482620239257812,-123.28202819824219,TRINITY,UNINCORPORATED,-123.47251892089844,40.807373046875
90873558,2018,2018-12-03,9175,2018-11-30,1700,020580,,5,2,9,5300,0,1,3,,2,013,SR-299,"CORRAL BOTTOM RD",4752.00,W,N,B,-,Y,,,299,,,,,,,Y,2,0,2,1,A,-,08,22107,,N,E,I,A,B,H,-,B,D,0,,,,,Y,,A,01,2,0,0,0,0,0,0,0,0,"- ","- ",40.743911743164062,-123.26789093017578,TRINITY,UNINCORPORATED,-123.2679443359375,40.743858337402344
90879973,2018,2018-12-11,9175,2018-12-02,1728,018645,,7,2,9,5300,0,1,3,,1,021,SR-3,"HORSE WATER LN",195.00,N,N,A,-,Y,,,3,,,,,,,N,2,0,1,2,A,-,11,21954,A,N,G,B,D,A,H,-,C,D,0,Y,,,,Y,,N,60,1,0,0,0,1,0,0,0,0,"- ","- ",40.554050445556641,-123.18044281005859,TRINITY,UNINCORPORATED,-123.18044281005859,40.554115295410156
90890270,2018,2018-12-26,9175,2018-12-19,0955,018268,,3,1,9,5300,0,1,3,,2,014,SR-299,"SALYER LOOP RD",5280.00,E,N,B,-,Y,,,299,,,,,,,Y,3,0,1,1,A,-,01,23152,A,N,E,I,A,A,H,-,A,D,0,,,,,Y,Y,D,22,0,1,0,0,0,0,0,0,0,"- ","- ",40.889919281005859,-123.56661224365234,TRINITY,UNINCORPORATED,-123.56661987304688,40.889938354492188
90890500,2018,2019-02-14,9175,2018-07-02,2500,018645,,1,4,9,5300,0,1,3,,1,016,SR-3,"EASTSIDE RD",1107.00,S,N,A,-,Y,,,3,,,,,,,Y,1,1,0,1,A,-,08,22107,,N,F,A,A,A,H,-,A,D,0,,,,,Y,,A,07,0,0,0,0,0,0,0,0,0,"- ","- ",41.050128936767578,-122.69970703125,TRINITY,UNINCORPORATED,-122.69972991943359,41.050155639648438
90900207,2019,2019-01-08,9175,2019-01-02,1000,15928,,3,1,9,5300,0,1,3,,2,014,"STATE ROUTE 299","BERG ROAD",0.00,,Y,A,-,Y,,,,,,,,,,Y,3,0,2,1,A,-,08,22107,,N,E,I,A,B,H,-,A,D,0,,,,,Y,,A,01,0,2,0,0,0,0,0,0,0,"- ","- ",40.511848449707031,-123.29335021972656,TRINITY,UNINCORPORATED,-123.49281311035156,40.855331420898438
90908454,2019,2019-01-22,9175,2019-01-16,2110,020786,,3,2,9,5300,0,1,3,,2,013,"SR-299 WB","MILL CREEK RD",11616.00,E,N,C,-,Y,,,,,,,,,,Y,3,0,1,1,A,-,08,22107,,N,E,J,A,B,B,-,D,D,0,,,,Y,Y,,F,55,0,1,0,0,0,0,0,0,0,"- ","- ",40.473930358886719,-123.24427032470703,TRINITY,UNINCORPORATED,,
90910989,2019,2019-01-24,9175,2019-01-22,1140,016084,,2,1,9,5300,0,1,3,,1,022,"STATE ROUTE 36",SR-3,6864.00,E,N,A,-,Y,,,,,,,,,,Y,3,0,2,1,A,-,03,22350,,N,E,I,A,C,H,-,A,D,0,,,,,Y,,A,01,0,2,0,0,0,0,0,0,0,"- ","- ",40.243919372558594,-123.09324645996094,TRINITY,UNINCORPORATED,-123.16094970703125,40.412921905517578